CompanyName,LenderAddress,EmailAddress,CompanyPhoneNumber,ContactFirstName,ContactLastName,States
A.S.K Investment Inc,"12235 Beach Blvd, Suite 29, Stanton, CA 90680",,800-834-6544,,,CA
A & D Mortgage,"1040 S. Federal Hwy, Hollywood, FL 33020",sales@admortgage.com,786-213-1815,,,"CA, CO, FL, MN, NJ, PA, VA"
ACC Mortgage Inc,"932 Hungerford Dr, Suite 6, Rockville, MD 20850",don@accmortgage.com,877-349-0501,Don,,"CA, CO, CT, DC, DE, FL, GA, IL, IN, MA, MD, NC, NJ, NY, OH, OK, PA, SC, TN, TX, UT, VA, VT, WA, WI, WV"
Aegis Funding Inc,"210 Main St, Suite 265, Huntington Beach, CA 92648",ingo@aegis-funding.com,800-290-1954,,,CA
Agoura Hills Financial,"28348 Roadside Dr, Suite 203A, Agoura Hills, CA 91301",Allvson@agourahillsfinancial.com,818-707-3452,Allvson,,CA
Aileron Capital Management,"3401 W Cypress St, Tampa, FL 33607",ibonora@ailoroncap.com,813-341-3645 x137,,Ibonora,"AL, AZ, CA, CT, FL, GA, IL, LA, MO, NC, NJ, NV, NY, OH, OK, PA, SC, TN, TX, UT, VA"
Alliancd Portfolio Private Equity Finance,"120 Vantis, Suite 515, Aliso Viejo, CA 92656",jperry@allianceportfolio.com,949-349-1322,J,Perry,CA
Alpha Funding Solutions,"29 Union Ave, Lakehurst, NJ 08733",info@alphafunding.com,732-657-2014,,,CA
American Savings Life Insurance Company,"935 E Main St, Suite 100, Mesa, AZ 85203","ae@alfcorp,.com",888-526-3008,,,"AZ, CO, NM, NV, TX, UT"
APEX Mortgage Corp,"1 Walnut Grove Dr, Suite 300, Horsham, PA 19044",bworthington@apexmtg.com,877-603-5496,B,Worthington,"AZ, AR, CA, CO, CT, DE, DC, FL, GA, ID, IL, IN, IA, KS, KY, LA, ME, MD, MA, MS, MO, MT, NE, NJ, NM, NY, NC, OH, OK, OR, PA, RI, SC, SD, TN, TXX, UT, WA, WI, WY"